Date,SoilMineralN,UptakeN,ResidueN,SoilOMN,FertiliserN,CropN,ProductN,LostN,RSWC,Drainage,Irrigation,Green cover
14/08/2022 12:00:00 am,50.397013858166531,0.054290225584480822,0,0.45130408375101383,0,124.26349322419991,56.483406010999957,0,1.3500000000000001,0,0,0.01885968091708301
15/08/2022 12:00:00 am,48.145945085936468,0.049625248767512176,-2.6402603837994501,0.4388168603368971,0,124.31311847296742,56.505962942257916,0,1,53.974999999999994,0,0
16/08/2022 12:00:00 am,46.08184687380021,0,-2.4873544664889642,0.42325625435271153,0,0,0,0,1,0.15000000000000568,0,0
17/08/2022 12:00:00 am,43.871776633681428,0,-2.6767866613779194,0.46671642125913804,0,0,0,0,1,1.539999999999992,0,0
18/08/2022 12:00:00 am,41.663089583573139,0,-2.69006467663809,0.48137762652979826,0,0,0,0,1,2.5200000000000102,0,0
19/08/2022 12:00:00 am,39.605795339360931,0,-2.5201003959795862,0.46280615176737749,0,0,0,0,1,0.59000000000000341,0,0
20/08/2022 12:00:00 am,37.600435688035127,0,-2.4708549735044283,0.46549532217862444,0,0,0,0,1,0.33000000000001251,0,0
21/08/2022 12:00:00 am,35.645925324388656,0,-2.4228581795332893,0.46834781588681229,0,0,0,0,0.99655405405405406,0,0,0
22/08/2022 12:00:00 am,33.747760039048067,0,-2.3678924925875009,0.46972720724691525,0,0,0,0,1,0.084135135135142036,0,0
23/08/2022 12:00:00 am,31.864293496516549,0,-2.3651560190850596,0.48168947655354016,0,0,0,0,0.99128378378378379,0,0,0
24/08/2022 12:00:00 am,29.949061302948849,0,-2.4222450772127182,0.50701288364501829,0,0,0,0,0.99061710189919661,0,0,0
25/08/2022 12:00:00 am,27.98914220432928,0,-2.4982307918954376,0.53831169327587014,0,0,0,0,0.9908473339745425,0,0,0
26/08/2022 12:00:00 am,26.007777284893628,0,-2.547394480916239,0.5660295614805857,0,0,0,0,1,0.33913442727049414,0,0
27/08/2022 12:00:00 am,24.142220877071743,0,-2.4204594519964786,0.55490304417459391,0,0,0,0,1,0.020000000000010232,0,0
28/08/2022 12:00:00 am,22.416186892629064,0,-2.2602207716052405,0.53418678716256018,0,0,0,0,0.99006756756756753,0,0,0
29/08/2022 12:00:00 am,20.743234693343531,0,-2.2115992442091041,0.53864704492357252,0,0,0,0,0.98503981008035069,0,0,0
30/08/2022 12:00:00 am,19.122277018693687,0,-2.1643700507746857,0.5434123761248425,0,0,0,0,0.99437051457959069,0,0,0
31/08/2022 12:00:00 am,17.59461963935275,0,-2.0610660868647415,0.53340870752380432,0,0,0,0,0.9925356782831759,0,0,0
1/09/2022 12:00:00 am,16.117619444294544,0,-2.0143066435210315,0.53730644846282605,0,0,0,0,0.98790177430521631,0,0,0
2/09/2022 12:00:00 am,14.628689942666947,0,-2.0542666946472821,0.56533719301968499,0,0,0,0,0.98757594191501752,0,0,0
3/09/2022 12:00:00 am,13.206636079145111,0,-1.9865839824618803,0.56453011894004457,0,0,0,0,0.98584354806610852,0,0,0
4/09/2022 12:00:00 am,11.906018513670121,0,-1.8402714757032399,0.53965391022824993,0,0,0,0,0.98898869410314239,0,0,0
5/09/2022 12:00:00 am,10.668678625936769,0,-1.7736980538096034,0.53635816607625186,0,0,0,0,1,0.16684368611035438,0,0
6/09/2022 12:00:00 am,9.4839060401060209,0,-1.7216326487987033,0.53686006296795508,0,0,0,0,0.99195945945945951,0,0,0
7/09/2022 12:00:00 am,8.3585254308852797,0,-1.6587893167445458,0.53340870752380432,0,0,0,0,0.98098703433162893,0,0,0
8/09/2022 12:00:00 am,7.2785209318639534,0,-1.6158610718119775,0.53585657279065146,0,0,0,0,0.97233789397962611,0,0,0
9/09/2022 12:00:00 am,6.2676553425008139,0,-1.5361487262425371,0.52528313687939754,0,0,0,0,0.96610158033256277,0,0,0
10/09/2022 12:00:00 am,5.3375854589594036,0,-1.4360088057173215,0.50593892217591097,0,0,0,0,0.96029764219338287,0,0,0
11/09/2022 12:00:00 am,4.4154994759186925,0,-1.4476532042327008,0.52556722119198973,0,0,0,0,0.95653666213523358,0,0,0
12/09/2022 12:00:00 am,3.5074452391014712,0,-1.4518385630473318,0.54378432623011053,0,0,0,0,0.94556995048475745,0,0,0
13/09/2022 12:00:00 am,2.6022160530714404,0,-1.476658290643428,0.57142910461339724,0,0,0,0,0.94161253902517639,0,0,0
14/09/2022 12:00:00 am,1.730420077809256,0,-1.4537450406403849,0.58194906537820046,0,0,0,0,0.94006481048363699,0,0,0
15/09/2022 12:00:00 am,0.91487602674857305,0,-1.3922487671137986,0.57670471605311568,0,0,0,0,0.92887457031363196,0,0,0
16/09/2022 12:00:00 am,0.11066859331562706,0,-1.4083266634761173,0.60411923004317136,0,0,0,0,0.91914957728151903,0,0,0
17/09/2022 12:00:00 am,-0.64805929382935801,0,-1.3663378381637443,0.60760995101875925,0,0,0,0,0.90446296365727397,0,0,0
18/09/2022 12:00:00 am,-1.3118809981404984,0,-1.2306114349572539,0.5667897306461136,0,0,0,0,0.91101221289526402,0,0,0
19/09/2022 12:00:00 am,-1.8899185675151271,0,-1.1029299289024834,0.52489235952785485,0,0,0,0,0.91377624529728407,0,0,0
20/09/2022 12:00:00 am,-2.4346651018040442,0,-1.0706652337718197,0.5259186994829026,0,0,0,0,0.91013482560049841,0,0,0
21/09/2022 12:00:00 am,-2.9451597698435856,0,-1.0356326194307002,0.52513795139115871,0,0,0,0,0.90113966929130207,0,0,0
22/09/2022 12:00:00 am,-3.4368403498752573,0,-1.0323991081487236,0.54071852811705201,0,0,0,0,0.89132620101081739,0,0,0
23/09/2022 12:00:00 am,-3.903132445239291,0,-1.0169457969117559,0.55065370154772286,0,0,0,0,0.88302091126469595,0,0,0
24/09/2022 12:00:00 am,-4.3658867877287415,0,-1.0535143092381105,0.59075996674865972,0,0,0,0,0.87930976135229544,0,0,0
25/09/2022 12:00:00 am,-4.7828112916159133,0,-0.99581773108546656,0.57889322719829472,0,0,0,0,0.88168395376645381,0,0,0
26/09/2022 12:00:00 am,-5.1526859735201338,0,-0.92977710243114586,0.55990242052692496,0,0,0,0,0.87691340316483568,0,0,0
27/09/2022 12:00:00 am,-5.4965523409031665,0,-0.91391973105375257,0.57005336367072035,0,0,0,0,0.87499048311351402,0,0,0
28/09/2022 12:00:00 am,-5.7956532342107661,0,-0.84469998882714492,0.54559909551954577,0,0,0,0,0.86850415095491629,0,0,0
29/09/2022 12:00:00 am,-6.0617740960153137,0,-0.80221997545392298,0.53609911364937546,0,0,0,0,0.8590611810414277,0,0,0
30/09/2022 12:00:00 am,-6.3171840237099568,0,-0.82967529263385131,0.57426536493920854,0,0,0,0,0.84968831926356114,0,0,0
1/10/2022 12:00:00 am,-6.5446410014810015,0,-0.80668331587465048,0.5792263381036058,0,0,0,0,0.84293703797920116,0,0,0
2/10/2022 12:00:00 am,-6.7271152156880802,0,-0.71280094314143128,0.5303267289343524,0,0,0,0,0.83133337179712008,0,0,0
3/10/2022 12:00:00 am,-6.8902756853272678,0,-0.71023233865305713,0.54707186901387006,0,0,0,0,0.82560544314149886,0,0,0
4/10/2022 12:00:00 am,-7.034556019329945,0,-0.71685213580757079,0.57257180180489331,0,0,0,0,0.8332464249220255,0,0,0
5/10/2022 12:00:00 am,-7.1522437104009891,0,-0.68858465189757112,0.57089696082652708,0,0,0,0,0.82802302007568573,0,0,0
6/10/2022 12:00:00 am,-7.2387133589985879,0,-0.61588668660417056,0.52941703800657158,0,0,0,0,0.81683611362835906,0,0,0
7/10/2022 12:00:00 am,-7.3014116345540554,0,-0.56740691438542967,0.50470863882996175,0,0,0,0,0.80724946005050613,0,0,0
8/10/2022 12:00:00 am,-7.3473790970438282,0,-0.58033471245785506,0.53436724996808227,0,0,0,0,0.80899930171167855,0,0,0
9/10/2022 12:00:00 am,-7.3723540855876131,0,-0.53993291739087113,0.51495792884708635,0,0,0,0,0.83108309681905679,0,0,0
10/10/2022 12:00:00 am,-7.3790426319475859,0,-0.47485396527400781,0.46816541891403507,0,0,0,0,0.82832375348796272,0,0,0
11/10/2022 12:00:00 am,-7.3682650529224887,0,-0.53075293345710861,0.54153051248220552,0,0,0,0,0.83278789869224457,0,0,0
12/10/2022 12:00:00 am,-7.3324051064130549,0,-0.58208276963500793,0.61794271614444185,0,0,0,0,0.8330692250701045,0,0,0
13/10/2022 12:00:00 am,-7.2752656170865269,0,-0.53452210975324022,0.59166159907976867,0,0,0,0,0.82992124701129832,0,0,0
14/10/2022 12:00:00 am,-7.1959106048351247,0,-0.51640773979592325,0.59576275204732576,0,0,0,0,0.83234197512049835,0,0,0
15/10/2022 12:00:00 am,-7.0997219781990699,0,-0.47603439088047139,0.57222301751652604,0,12.626537591024045,5.7393352686472925,0,0.8283381303243178,0,0,0.007480148738676611
16/10/2022 12:00:00 am,191.78937778124489,0.41387515593107693,-0.41285575022715193,0.51583066560217361,249,13.040412746955122,5.9274603395250551,49.79999999999999,0.81527188773662873,0,0,0.0082827725370598557
17/10/2022 12:00:00 am,191.44182923730474,0.47781234586137167,-0.43594970199363559,0.56621350391486669,0,13.518225092816493,6.1446477694620416,0,0.80116475399786968,0,0,0.0092801125934359376
18/10/2022 12:00:00 am,191.05651254218037,0.55428023185883468,-0.47346883302343201,0.64243236975787099,0,14.072505324675328,6.3965933293978754,0,0.80570708648133071,0,0,0.010535911580450429
19/10/2022 12:00:00 am,190.71490952611816,0.51953684718651694,-0.42357254746953288,0.60150637859386191,0,14.592042171861845,6.6327464417553834,0,0.84049960796790635,0,0,0.011813427451810733
20/10/2022 12:00:00 am,190.39364796355315,0.50150501294589489,-0.37382797908036025,0.55407142946123811,0,15.09354718480774,6.8607032658216989,0,0.83243146302466153,0,0,0.013142509054313521
21/10/2022 12:00:00 am,190.03636508194896,0.57207979951130561,-0.39198081554685871,0.60677773345395669,0,15.665626984319045,7.1207395383268377,0,0.82474439171234382,0,0,0.014778114588971573
22/10/2022 12:00:00 am,189.67270906847537,0.59428420981254781,-0.37164946724419679,0.60227766358315693,0,16.259911194131593,7.3908687246052693,0,0.81756490549706651,0,0,0.016617236007859987
23/10/2022 12:00:00 am,189.33082443510131,0.5720747053305999,-0.33140627188782901,0.5615963438443804,0,16.831985899462193,7.6509026815737231,0,0.82273959515378459,0,0,0.018527519608542844
24/10/2022 12:00:00 am,188.9653841974274,0.6130928332154113,-0.32133563135779752,0.56898822689928852,0,17.445078732677604,7.9295812421261838,0,0.804918022004391,0,0,0.020732654700396126
25/10/2022 12:00:00 am,188.55053098315184,0.69975148614706839,-0.3330541616730045,0.61795243354453433,0,18.144830218824673,8.247650099465762,0,0.78915026857329085,0,0,0.023456287815060737
26/10/2022 12:00:00 am,188.13445098599937,0.71666965210965827,-0.3166511946952113,0.61724084965239501,0,18.861499870934331,8.5734090322428766,0,0.80017326887195772,0,0,0.026482538228495538
27/10/2022 12:00:00 am,187.71755992526923,0.72897653797107154,-0.2975734117301414,0.60965888897106069,0,19.590476408905403,8.9047620040479085,0,0.80764543337896333,0,0,0.029815193620016819
28/10/2022 12:00:00 am,187.28736575525747,0.74973193892820333,-0.2770827587697795,0.59662052768622842,0,20.340208347833606,9.2455492490152764,0,0.79815613474022373,0,0,0.033519174007474409
29/10/2022 12:00:00 am,186.83587848075013,0.79108780697129077,-0.26852169667496639,0.60812222913891667,0,21.131296154804897,9.6051346158204058,0,0.79862379754578539,0,0,0.037740694709690902
30/10/2022 12:00:00 am,186.36194622529476,0.83210963490821399,-0.2584083078030659,0.61658568725591334,0,21.963405789713111,9.9833662680514141,0,0.79795292697654607,0,0,0.042538056170729324
31/10/2022 12:00:00 am,185.86751857461226,0.85714986600379817,-0.23930238757417044,0.60202460289547322,0,22.820555655716909,10.372979843507684,0,0.78597335627190845,0,0,0.047872301326788068
1/11/2022 12:00:00 am,185.32124026248306,0.94108054116487949,-0.23825171222752317,0.63305394126320447,0,23.761636196881788,10.800743725855359,0,0.77718759363248135,0,0,0.054198211890063137
2/11/2022 12:00:00 am,184.70307121059548,1.0513049364326754,-0.23819590706887084,0.6713317916139504,0,24.812941133314464,11.278609606052029,0,0.75996618130540494,0,0,0.061857593174710609
3/11/2022 12:00:00 am,184.01953214407942,1.1464679893543313,-0.23121726250572294,0.69414618534400041,0,25.959409122668795,11.799731419394908,0,0.74544071795027012,0,0,0.070934492048967401
4/11/2022 12:00:00 am,183.31958523440176,1.1462398612373832,-0.20289254382760191,0.64918549538733872,0,27.105648983906178,12.320749538139172,0,0.733189306650888,0,0,0.080772519228457546
5/11/2022 12:00:00 am,182.61577370100267,1.1254371965203838,-0.17570153100488994,0.59732719412617308,0,28.231086180426562,12.832311900193888,0,0.72152328734488103,0,0,0.091176245498559946
6/11/2022 12:00:00 am,181.93888973530673,1.0749940877550337,-0.1531174940394493,0.55122761609854332,0,29.306080268181596,13.32094557644618,0,0.7308404193560506,0,0,0.10179886524477177
7/11/2022 12:00:00 am,181.2973079776541,1.0013946941708944,-0.12867423708576098,0.48848717360402139,0,30.30747496235249,13.776124982887495,0,0.72292623760234798,0,0,0.11228930330532917
8/11/2022 12:00:00 am,180.58420683096909,1.1004914030141961,-0.12908947700964291,0.51647973333883102,0,31.407966365366686,14.276348347893949,0,0.7168571767590517,0,0,0.12446713142979857
9/11/2022 12:00:00 am,179.76273932579846,1.2723751413653837,-0.13894447490798711,0.58985211110274349,0,32.68034150673207,14.854700684878212,0,0.72690209571207842,0,0,0.13936997992168493
10/11/2022 12:00:00 am,178.90133447371329,1.3265683385180438,-0.1316821108179056,0.59684559725077768,0,34.006909845250114,15.457686293295506,0,0.73242178994289875,0,0,0.15580798419906072
11/11/2022 12:00:00 am,177.97302639215897,1.4186660789317287,-0.12712797516348928,0.61748597254089888,0,35.425575924181842,16.102534510991745,0,0.73317407574100568,0,0,0.17434493269785784
12/11/2022 12:00:00 am,177.03188706799332,1.4408907602350496,-0.1182926830389448,0.618044119108352,0,36.866466684416892,16.757484856553134,0,0.75345185777642842,0,0,0.19410804752754227
13/11/2022 12:00:00 am,176.06659842086714,1.4467828758296193,-0.10411147845749724,0.58560570716093585,0,38.313249560246511,17.415113436475686,0,0.74058641815610027,0,0,0.21480859466445812
14/11/2022 12:00:00 am,175.03651345917322,1.5336251529225109,-0.099364625583604038,0.60290481681219499,0,39.846874713169022,18.112215778713193,0,0.74416126780393688,0,0,0.23757416070016396
15/11/2022 12:00:00 am,173.92243660723494,1.6310782963644002,-0.092694065943405235,0.60969551036953529,0,41.477953009533422,18.853615004333371,0,0.73163122787842438,0,0,0.26256956394004777
16/11/2022 12:00:00 am,172.67737521512635,1.7886671229264195,-0.088069933832386482,0.63167566465019354,0,43.266620132459842,19.666645514754475,0,0.71120945020795856,0,0,0.29071321608079465
17/11/2022 12:00:00 am,171.30473374356595,1.9302751861406691,-0.08111500984850295,0.63874872442878528,0,45.196895318600511,20.544043326636597,0,0.68713692379457925,0,0,0.32169259325879473
18/11/2022 12:00:00 am,169.93311761902027,1.9153328955315132,-0.070777240871791491,0.61449401185761088,0,47.112228214132024,21.414649188241828,0,0.70026846819121336,0,0,0.35278339393627572
19/11/2022 12:00:00 am,168.62300262555843,1.8151542527426585,-0.058917550753463388,0.56395681003429465,0,48.927382466874683,22.239719303124854,0,0.71346771832776834,0,0,0.38232778570201797
20/11/2022 12:00:00 am,167.28018803765769,1.8529458664867562,-0.053289184545505464,0.5634204631315175,0,50.780328333361439,23.0819674242552,0,0.72444975408722989,0,0,0.41234116652619601
21/11/2022 12:00:00 am,165.79389201777872,2.0464140175033023,-0.05178387464673051,0.61190187227106563,0,52.826742350864741,24.012155614029425,0,0.73234545185640809,0,0,0.44506895178754874
22/11/2022 12:00:00 am,164.08801626228245,2.3415745933921244,-0.050830815714007827,0.68652965360984752,0,55.168316944256865,25.07650770193494,0,0.7332056242617403,0,0,0.48167123016397978
23/11/2022 12:00:00 am,162.25535472749957,2.4742931727781468,-0.043361213867711967,0.68499285186299497,0,57.642610117035012,26.201186416834094,0,0.71740786881684127,0,0,0.51904087659479237
24/11/2022 12:00:00 am,160.25631711234843,2.649228420387395,-0.036394881332185491,0.68658568656844654,0,60.291838537422407,27.405381153373821,0,0.6932221943297332,0,0,0.55724803350529784
25/11/2022 12:00:00 am,158.08384451761148,2.844057972257545,-0.030195982961913614,0.70178136048248996,0,63.135896509679952,28.698134777127251,0,0.68168523747130427,0,0,0.5959138463066832
26/11/2022 12:00:00 am,155.73657402813291,3.0252505185320331,-0.023405758916666741,0.70138578797014006,0,66.161147028211985,30.073248649187263,0,0.66223418837872838,0,0,0.63417044834904401
27/11/2022 12:00:00 am,153.32946121626424,3.0527377839344609,-0.016138845828521653,0.66176381789430405,0,69.213884812146446,31.46085673279384,0,0.6487297916784851,0,0,0.66968279845356482
28/11/2022 12:00:00 am,151.01916868155161,2.9176871550562566,-0.010066846832813781,0.61746146717642725,0,72.131571967202703,32.787078166910312,0,0.67325337868454183,0,0,0.70073545454820951
29/11/2022 12:00:00 am,148.60568848832895,3.0033171927835269,-0.0053209954860591324,0.59515799504695677,0,75.13488915998623,34.15222234544828,0,0.65209953148851607,0,0,0.72984121567349436
30/11/2022 12:00:00 am,146.01950099543222,3.1926384531770395,-0.0011646113904930644,0.60761557167079372,0,78.327527613163269,35.603421642346937,0,0.64512524166299579,0,0,0.75776437425447074
1/12/2022 12:00:00 am,143.45226351412356,3.1432627168405247,0.0027061485414776598,0.57331908699038681,0,81.470790330003794,37.032177422728992,0,0.64683634482179309,0,0,0.78242362881694749
2/12/2022 12:00:00 am,140.77256242820351,3.2491121920262884,0.0061230516388377509,0.56328805446739605,0,84.719902522030083,38.509046600922758,0,0.63425649926415073,0,0,0.80520160169789146
3/12/2022 12:00:00 am,137.7600676998982,3.6218289994495905,0.010141815208598359,0.59919245593569237,0,88.341731521479673,40.15533250976349,0,0.61432029154901591,0,0,0.82765393483972916
4/12/2022 12:00:00 am,134.47063694386785,3.908550069217938,0.013896007156446899,0.60522330603112739,0,92.250281590697611,41.931946177589822,0,0.58487606117510715,0,0,0.84879390301728297
5/12/2022 12:00:00 am,130.83645717041202,4.2727813960519825,0.017911964044586171,0.62068965855155944,0,96.523062986749594,43.874119539431632,0,0.55475761664383105,0,0,0.86870436145870944
6/12/2022 12:00:00 am,127.15890061595839,4.2912231862202361,0.020445557660693225,0.5932210741059335,0,100.81428617296983,45.82467553316809,0,0.55188908983386231,0,0,0.88581020946082634
7/12/2022 12:00:00 am,123.59052834517883,4.1379942907411618,0.021661397740103894,0.54796062222149411,0,104.95228046371099,47.70558202895954,0,0.55804738490252681,0,0,0.89996546457831639
8/12/2022 12:00:00 am,119.86545922734292,4.2908890181172978,0.02394377033647288,0.54187612994491952,0,109.24316948182829,49.655986128103763,0,0.5464546006027563,0,0,0.91258062834557785
9/12/2022 12:00:00 am,115.89955138714208,4.5445792885429483,0.026865437493640343,0.55180601084846481,0,113.78774877037124,51.721703986532376,0,0.53729762278131576,0,0,0.92400231460043858
10/12/2022 12:00:00 am,111.59301138568969,4.9020355562067977,0.030031749372980698,0.56546380538142882,0,118.68978432657804,53.949901966626371,0,0.51571693009419484,0,0,0.93444732357679139
11/12/2022 12:00:00 am,106.99066630974194,5.2112970182479614,0.033085661828067714,0.57586628047213573,0,123.901081344826,56.318673338557268,0,0.50299818068072399,0,0,0.94378157606528312
12/12/2022 12:00:00 am,102.32981941351578,5.2448938885586642,0.033875152169443368,0.55017184016306309,0,129.14597523338466,58.70271601517485,0,0.49364948378842094,0,0,0.95165994097616691
13/12/2022 12:00:00 am,97.579745119260821,5.3163684883045903,0.034749829156723422,0.53154436489290657,0,134.46234372168925,61.119247146222392,0,0.48431788141423643,0,0,0.9583712410846672
14/12/2022 12:00:00 am,92.779948529215119,5.3430867722553899,0.035017128970878275,0.50827305323881056,0,139.80543049394464,63.547922951793012,0,0.4735969015209478,0,0,0.96405310052020787
15/12/2022 12:00:00 am,87.690246939900433,5.6388351253879989,0.036987399278146427,0.51214613679517285,0,145.44426561933264,66.111029826969371,0,0.45577895519802902,0,0,0.96909966224790833
16/12/2022 12:00:00 am,82.253281233517981,6.0246972527108369,0.041279671562406861,0.54645187476597901,0,151.46896287204348,68.849528578201571,0,0.46976761315005905,0,0,0.97360956043041424
17/12/2022 12:00:00 am,76.566260069051339,6.3127906764520674,0.045781300524112112,0.57998821146131585,0,157.78175354849554,71.718978885679789,0,0.49800372387848679,0,0,0.97754038100682716
18/12/2022 12:00:00 am,70.913276901658008,6.2790808851328279,0.047598675279473923,0.57849904246002193,0,164.06083443362837,74.573106560740172,0,0.5280043829097536,0,0,0.98079588541665819
19/12/2022 12:00:00 am,65.20580453987165,6.3115357980029216,0.047537172373338876,0.55652626384325332,0,170.37237023163129,77.441986468923304,0,0.51860519068804412,0,0,0.9835337694530959
20/12/2022 12:00:00 am,59.289172036339608,6.52714715414956,0.049573755040142942,0.56094089557738624,0,176.89951738578085,80.408871538991292,0,0.51647461773432091,0,0,0.98590568331053419
21/12/2022 12:00:00 am,53.345066854407207,6.5579290946004107,0.051314257626884796,0.5625096550411206,0,183.45744648038126,83.389748400173289,0,0.53669802424286073,0,0,0.98790423312728814
22/12/2022 12:00:00 am,47.275780325251219,6.6678738871661665,0.051390592661405776,0.5471967653487696,0,190.12532036754743,86.420600167066993,0,0.52150249780023383,0,0,0.98961278485726301
23/12/2022 12:00:00 am,41.033227262975544,6.822935703907774,0.051037694563234481,0.52934494706886448,0,196.94825607145521,89.521934577934175,0,0.4950689261146366,0,0,0.99108401175198224
24/12/2022 12:00:00 am,34.594219119367381,7.0079769407983861,0.051134532444649494,0.51783426474558281,0,203.95623301225359,92.707378641933445,0,0.47255636950347207,0,0,0.99235555172209444
25/12/2022 12:00:00 am,226.91071416284959,7.471172913895856,0.053903858050560416,0.53376409932748259,249,211.42740592614945,96.103366330067914,49.79999999999999,0.45355283174889377,0,0,0.99349203269878905
26/12/2022 12:00:00 am,219.60806042519869,7.9086990867739928,0.056691450741496396,0.54935389838157056,0,219.33610501292344,99.698229551328822,0,0.43909635653366696,0,0,0.9944941047577035
27/12/2022 12:00:00 am,212.26972463807869,7.924898206051239,0.055881333554353319,0.53068108537690017,0,227.26100321897468,103.30045600862485,0,0.42897973847679205,0,0,0.99532960624467937
28/12/2022 12:00:00 am,205.0628617106633,7.7635489534757767,0.053910628530815075,0.50277539752956868,0,235.02455217245046,106.82934189656838,0,0.424164101098158,0,0,0.99601461298532679
29/12/2022 12:00:00 am,198.01139749347038,7.5806821768083523,0.052003591298287688,0.47721436831715786,0,242.60523434925881,110.27510652239036,0,0.42150921904046157,0,0,0.99657869352747031
30/12/2022 12:00:00 am,190.58814375146432,7.9908868530349082,0.056555621512032417,0.51107748951681198,0,250.59612120229372,113.90732781922439,0,0.43758654233797556,0,0,0.99708073203238723
31/12/2022 12:00:00 am,182.83767891803217,8.3312153074079447,0.058654689031413909,0.52209578494437892,0,258.92733650970166,117.6942438680462,0,0.4263051685994137,0,0,0.99752059771404167
1/01/2023 12:00:00 am,174.46413961837399,8.9884045891355981,0.062928505990143435,0.55193678348726072,0,267.91574109883726,121.77988231765329,0,0.40566120341182521,0,0,0.99791665238874427
2/01/2023 12:00:00 am,165.76733283116675,9.3169397688372442,0.064284377441211404,0.55584860418878601,0,277.2326808676745,126.01485493985203,0,0.38594142347371363,0,0,0.99825696738262193
3/01/2023 12:00:00 am,157.46001372869048,8.8710026674023084,0.059106129268883478,0.50457743565715918,0,286.10368353507681,130.04712887958036,0,0.37046831889218729,0,0,0.99852674629015303
4/01/2023 12:00:00 am,149.37725920083415,8.6029941054435994,0.055090416301936784,0.46514916128532563,0,294.70667764052041,133.9575807456911,0,0.34466567002063347,0,0,0.9987467999232652
5/01/2023 12:00:00 am,140.83529138225975,9.0895759980767252,0.058520178056582495,0.48908800144574671,0,303.79625363859714,138.08920619936234,0,0.33504090256131813,0,0,0.99894248978334221
6/01/2023 12:00:00 am,132.13999859673453,9.2470952683115115,0.059492024123372289,0.49231045866291162,0,313.04334890690865,142.29243132132208,0,0.32796947052735792,0,0,0.99910940461134146
7/01/2023 12:00:00 am,123.66893204808395,8.988648717888907,0.056255843099989988,0.46132632613834768,0,322.03199762479755,146.37818073854436,0,0.30850784385848362,0,0,0.99924586309316676
8/01/2023 12:00:00 am,115.40358498070378,8.7483287797178946,0.052871037271216892,0.4301106750665713,0,330.78032640451545,150.35469382023425,0,0.28047834162688057,0,0,0.99935830833895622
9/01/2023 12:00:00 am,106.86284519059006,9.0346584999523429,0.054425194573724411,0.43949351526490604,0,339.81498490446779,154.46135677475806,0,0.26437447837859995,0,0,0.99945676275263406
10/01/2023 12:00:00 am,98.216654369076764,9.1512957841499656,0.056012578868049445,0.44909238376863464,0,348.96628068861776,158.62103667664442,0,0.2687646688533864,0,0,0.99954111833060866
11/01/2023 12:00:00 am,89.997113466836538,8.6937602092498878,0.052897692404414443,0.42132161460521794,0,357.66004089786765,162.57274586266712,0,0.2685653459012865,0,0,0.99960919241859014
12/01/2023 12:00:00 am,81.629275595008721,8.8477680594745038,0.053824993770277274,0.42610519387641532,0,366.50780895734215,166.5944586169737,0,0.2552062830752056,0,0,0.99966827358544608
13/01/2023 12:00:00 am,73.429520532890535,8.6599237394784154,0.051869152811491404,0.40829952454875879,0,375.16773269682056,170.5307875894639,0,0.23579524234913743,0,0,0.99971763621693721
14/01/2023 12:00:00 am,65.273303185150894,8.6067038893225458,0.05101231799147854,0.39947422359140949,0,383.77443658614311,174.44292572097413,0,0.21549774028332364,0,0,0.99975963027460324
15/01/2023 12:00:00 am,56.71522413258441,9.0360208768714756,0.054361892927346389,0.42357993137761746,0,392.81045746301459,178.55020793773389,0,0.20270327651603345,0,0,0.99979725970868039
16/01/2023 12:00:00 am,47.78144339086947,9.4410757201003435,0.057956773865299738,0.44933820452015483,0,402.25153318311493,182.84160599232496,0,0.19210056828123936,0,0,0.99983057015694443
17/01/2023 12:00:00 am,39.036913327688069,9.2490103242853934,0.057881649668246382,0.44659861143569607,0,411.50054350740032,187.04570159427288,0,0.19925116945889973,0,0,0.99985815861970506
18/01/2023 12:00:00 am,30.797714940429785,8.7237749243999474,0.055815497897810928,0.42876103924386127,0,420.22431843180027,191.01105383263643,0,0.21946054299528839,0,0,0.99988029101281051
19/01/2023 12:00:00 am,221.64110605036583,8.8616574110387774,0.058386331770577726,0.44666218920423878,249,429.08597584283905,195.03907992856318,49.79999999999999,0.22250692697613916,0,0,0.99989947192853179
20/01/2023 12:00:00 am,213.40295878061826,8.7359611908863144,0.057748977209442387,0.4400649439292974,0,437.82193703372536,199.00997137896607,0,0.20709687941611191,0,0,0.99991558850841278
21/01/2023 12:00:00 am,205.54137652338184,8.3365458625315796,0.055270312176403991,0.41969329311874409,0,446.15848289625694,202.7993104073895,0,0.19979560634429239,0,0,0.99992874562028478
22/01/2023 12:00:00 am,197.63305633145339,8.4083288574652784,0.058353982379927061,0.4416546831569349,0,454.56681175372222,206.62127806987371,0,0.21684946572875563,0,0,0.9999401196887604
23/01/2023 12:00:00 am,189.91339898569865,8.2111350627802153,0.057515623493756607,0.43396209353169835,0,462.77794681650244,210.35361218931928,0,0.2056540445748804,0,0,0.99994963648311375
24/01/2023 12:00:00 am,182.40176247770106,7.9892953713765564,0.05603683081062627,0.42162203256833991,0,470.76724218787899,213.98511008539953,0,0.18581812232576206,0,0,0.99995758808791968
25/01/2023 12:00:00 am,174.68326955362627,8.2212860507153209,0.059121412042998145,0.44367171459752541,0,478.98852823859431,217.72205829027013,0,0.16896921820375366,0,0,0.9999646014242366
26/01/2023 12:00:00 am,166.96701475099465,8.2498167735319043,0.062879099575525288,0.4706828713247781,0,487.23834501212622,221.47197500551192,0,0.19202484135399281,0,0,0.99997060480702271
27/01/2023 12:00:00 am,159.83538082434652,7.630427681031108,0.058900123543736527,0.43989363083924538,0,494.86877269315733,224.94035122416238,0,0.19489654405195467,0,0,0.99997535606814647
28/01/2023 12:00:00 am,153.07441444573843,7.2362761700250644,0.056223416620426292,0.41908637479654565,0,502.10504886318239,228.2295676650829,0,0.18197433419592143,0,0,0.99997924058281851
29/01/2023 12:00:00 am,146.20523974631979,7.366723246421202,0.058944823177384364,0.43860372382514318,0,509.47177210960359,231.57807823163799,0,0.1673342393449577,0,0,0.99998265009701615
30/01/2023 12:00:00 am,139.4317731032981,7.2750516400460015,0.059507034377674017,0.44207796264661292,0,516.74682374964959,234.88491988620436,0,0.15142169270571215,0,0,0.99998554318731381
31/01/2023 12:00:00 am,132.72975767323936,7.2134323205747251,0.060749998705944108,0.45066689181003228,0,523.96025607022432,238.16375275919285,0,0.13865108368866697,0,0,0.99998800372920815
1/02/2023 12:00:00 am,126.07647631463561,7.1918482076570172,0.064047381518378188,0.47451946753481206,0,531.15210427788134,241.43277467176421,0,0.1507825561417353,0,0,0.99999010211058126
2/02/2023 12:00:00 am,119.8612353505053,6.7279343140829724,0.061028908102741752,0.45166444184989585,0,537.88003859196431,244.49092663271102,0,0.14473466909987426,0,0,0.99999178332467686
3/02/2023 12:00:00 am,114.05059236654853,6.3010430408420461,0.058419409676034206,0.43198064720926554,0,544.18108163280635,247.35503710582108,0,0.14157198146986483,0,0,0.99999313995875705
4/02/2023 12:00:00 am,108.52023144345009,6.0226065542183278,0.0586742610424551,0.43357137007743962,0,550.20368818702468,250.09258553955667,0,0.16143840946712892,0,0,0.99999426190216012
5/02/2023 12:00:00 am,103.44403088278995,5.533140945482387,0.054490247636238109,0.40245013718601241,0,555.73682913250707,252.60764960568503,0,0.15158846684241817,0,0,0.99999515836046859
6/02/2023 12:00:00 am,98.721703406558902,5.154760716105443,0.051583396532791426,0.3808498433416056,0,560.89158984861251,254.95072265846022,0,0.1424498727465848,0,0,0.99999588969303455
7/02/2023 12:00:00 am,94.276359077453606,4.8629685348475959,0.049826297613861925,0.36779790812848739,0,565.75455838346011,257.16116290157277,0,0.1377825746872402,0,0,0.99999649677899449
8/02/2023 12:00:00 am,89.818906603831635,4.8939501737007731,0.052082910585099285,0.38441478949371488,0,570.64850855716088,259.38568570780041,0,0.12774416965889979,0,0,0.99999703425934428
9/02/2023 12:00:00 am,85.371640718914875,4.9147541236710595,0.055780445962838598,0.41170779279141317,0,575.56326268083194,261.61966485492354,0,0.14516231272904306,0,0,0.99999750692099232
10/02/2023 12:00:00 am,81.260613622156086,4.5559138877795249,0.053077922243659259,0.39180886877711257,0,580.11917656861146,263.69053480391432,0,0.14460215571010085,0,0,0.99999789073392187
11/02/2023 12:00:00 am,77.202615329434536,4.5190277313121214,0.054992349300846399,0.40603708928967647,0,584.63820429992359,265.744638318147,0,0.13999328541950468,0,0,0.99999822468810962
12/02/2023 12:00:00 am,73.252598564148741,4.4339596693897647,0.057706873372524115,0.42623603073143218,0,589.07216396931335,267.76007453150601,0,0.1631189516674825,0,0,0.99999851133668305
13/02/2023 12:00:00 am,69.743010357233345,3.948698890790638,0.052339228456816045,0.38677145541834168,0,593.02086286010399,269.55493766368363,0,0.16441178177086344,0,0,0.99999873554530783
14/02/2023 12:00:00 am,66.588169389827783,3.5673293253111069,0.049142964108995102,0.3633453937964658,0,596.5881921854151,271.17645099337051,0,0.18290641066854499,0,0,0.9999989151269012
15/02/2023 12:00:00 am,63.497718506691569,3.514405760326099,0.050481807708479209,0.37347306948136816,0,600.10259794574119,272.77390815715512,0,0.18212927887397068,0,0,0.99999907248011144
16/02/2023 12:00:00 am,60.468459533960242,3.4623063162380276,0.051531910249465795,0.38151543325722426,0,603.56490426197922,274.34768375544508,0,0.17249067181127237,0,0,0.99999921004741499
17/02/2023 12:00:00 am,57.461125153204136,3.456566618067427,0.053418761153167793,0.39581347615818757,0,607.02147088004665,275.9188504000212,0,0.15795005340269694,0,0,0.99398578830559714
18/02/2023 12:00:00 am,54.43895652896714,3.5026080723907853,0.057080584306618221,0.42335886384721089,0,610.52407895243743,277.51094497838062,0,0.15033394424387692,0,0,0.97346325514878473
19/02/2023 12:00:00 am,51.537457519625889,3.3915264095786597,0.058162105935522845,0.43186529430188181,0,613.91560536201609,279.0525478918255,0,0.15272737329211444,0,0,0.95266371596931587
20/02/2023 12:00:00 am,48.805527959823792,3.2447074633031434,0.0607941938376797,0.45198370966339496,0,617.16031282531924,280.52741492059965,0,0.19810562074827726,0,0,0.93181600182938495
21/02/2023 12:00:00 am,46.161682823928516,3.1806943140364865,0.063566782028331659,0.47328239611281514,0,620.34100713935572,281.97318506334352,0,0.20680996520953532,0,0,0.91037814442379461
22/02/2023 12:00:00 am,43.847127120646235,2.8189244897182562,0.059639171056574014,0.44472961537942157,0,623.15993162907398,283.25451437685177,0,0.24084147432032699,0,0,0.89045779827275717
23/02/2023 12:00:00 am,41.843445956161474,2.4562282340995125,0.05343954125234518,0.399107528362385,0,625.61615986317349,284.37098175598788,0,0.2513540896992813,0,0,0.87231992565881389
24/02/2023 12:00:00 am,39.832673285504427,2.4966641329858703,0.057296741027585085,0.4285947213012008,0,628.11282399615936,285.50582908916329,0,0.24719498294439113,0,0,0.8530619852141289
25/02/2023 12:00:00 am,37.885750049394403,2.4429602190219839,0.058402634789260333,0.43763434812271362,0,630.55578421518135,286.61626555235512,0,0.23760223722955567,0,0,0.83333433890493935
26/02/2023 12:00:00 am,36.093648848802047,2.2589557135971745,0.054878983744004017,0.41197552926078368,0,632.81473992877852,287.64306360399019,0,0.21949209733784486,0,0,0.81423296708175608
27/02/2023 12:00:00 am,34.374489709633679,2.1873903460962083,0.054951368396757516,0.41327983853104011,0,635.00213027487473,288.63733194312488,0,0.20515358647317622,0,0,0.79486663297603177
28/02/2023 12:00:00 am,32.772067480400608,2.0648979076345313,0.054184254609651816,0.40829142379178957,0,637.06702818250926,289.57592190114053,0,0.20745402906031846,0,0,0.77571708619238622
1/03/2023 12:00:00 am,31.264439344828986,1.9712140448683613,0.054219323769103767,0.40936658552768113,0,639.03824222737762,290.47192828517166,0,0.21007146507842733,0,0,0.75656753940874077
2/03/2023 12:00:00 am,29.860441185346019,1.8534587153969824,0.05247315395104124,0.39698740196291915,0,640.89170094277461,291.31440951944302,0,0.198711157112507,0,0,0.73770704238786755
3/03/2023 12:00:00 am,28.504363187972046,1.8291336007135897,0.055124271904787747,0.41793133143487465,0,642.72083454348819,292.14583388340372,0,0.20676400771679285,0,0,0.7181961834007573
4/03/2023 12:00:00 am,27.279410845629002,1.6652566168476142,0.051209376355643599,0.38909489814885972,0,644.38609116033581,292.9027687092435,0,0.19482983695750661,0,0,0.6995765611821938
5/03/2023 12:00:00 am,26.183940451871138,1.5095065724405003,0.048065152939926747,0.36597102574274915,0,645.89559773277631,293.58890806035288,0,0.19981851613298299,0,0,0.68192043817287062
6/03/2023 12:00:00 am,25.101390113073364,1.5329481310579922,0.052185576934704159,0.39821221532550433,0,647.4285458638343,294.28570266537923,0,0.20834195617469778,0,0,0.6631562910729214
7/03/2023 12:00:00 am,24.03553617806682,1.54758308224541,0.055696487454099497,0.42603265978480387,0,648.97612894607971,294.98914952094532,0,0.20135294348224109,0,0,0.64327207614223014
8/03/2023 12:00:00 am,23.090364671260033,1.3970456866607037,0.05212971423524948,0.3997444656187325,0,650.37317463274042,295.62417028760927,0,0.20650063878155098,0,0,0.62442362286147213
9/03/2023 12:00:00 am,22.266643762694969,1.2336980096087018,0.047197700695804201,0.36277940034778078,0,651.60687264234912,296.18494211015866,0,0.20707276614001535,0,0,0.60699633091434357
10/03/2023 12:00:00 am,21.497827633053646,1.1706448672332499,0.046166637671717581,0.35566209992021847,0,652.77751750958237,296.71705341344654,0,0.19731860181603603,0,0,0.58971356384860074
11/03/2023 12:00:00 am,20.75770179272655,1.1651280530384156,0.048726882899003954,0.3762753298123524,0,653.94264556262078,297.24665707391847,0,0.2042666872702637,0,0,0.57172021611604329
12/03/2023 12:00:00 am,20.085547230809141,1.0878836704570176,0.047560126220062671,0.36816898231950351,0,655.0305292330778,297.74114965139893,0,0.2108612314025774,0,0,0.55413635554741303
13/03/2023 12:00:00 am,19.487407011176686,1.0000839124894583,0.045883857528650651,0.3560598353283192,0,656.03061314556726,298.19573324798512,0,0.22540485733220714,0,0,0.53723898816536586
14/03/2023 12:00:00 am,18.933195930393197,0.96544907945803971,0.046842164863136304,0.36439583381135199,0,656.9960622250253,298.63457373864782,0,0.23771768028677395,0,0,0.52019709590193286
15/03/2023 12:00:00 am,18.404594425606831,0.96336529653888192,0.049407027819412974,0.38535676393316576,0,657.95942752156418,299.07246705525642,0,0.24113555966819231,0,0,0.50240849175133906
16/03/2023 12:00:00 am,17.916528627772266,0.9478844723499833,0.052123674669928732,0.40769499984548291,0,658.90731199391416,299.50332363359729,0,0.25804100115040735,0,0,0.48406587555543212
17/03/2023 12:00:00 am,17.496587487286376,0.8602033324259537,0.04977889540924707,0.39048329653091618,0,659.76751532634012,299.89432514833635,0,0.27550709896787146,0,0,0.46662653986818781
18/03/2023 12:00:00 am,17.12507231327271,0.79750912134682039,0.048044642230919976,0.37794930510218766,0,660.56502444768694,300.25682929440313,0,0.27972867257998379,0,0,0.44971712874602543
19/03/2023 12:00:00 am,16.783486590865607,0.77362918598680608,0.048603581276182695,0.38343988230349868,0,661.33865363367374,300.6084789243971,0,0.27738999915674423,0,0,0.43256684282155333
20/03/2023 12:00:00 am,16.467296437230232,0.75838669281756665,0.049615327744163551,0.39258121143802882,0,662.09704032649131,300.95320014840513,0,0.27050769643146982,0,0,0.41497093851280731
21/03/2023 12:00:00 am,16.178616283924214,0.73863258820153987,0.050348231620020556,0.39960420327552731,0,662.83567291469285,301.28894223395127,0,0.26388740749565359,0,0,0.39701372200059659
22/03/2023 12:00:00 am,15.940222064705665,0.68834756018020471,0.050207956264188169,0.39974538469747278,0,663.52402047487305,301.60182748857864,0,0.29028997690156733,0,0,0.37947803639242828
23/03/2023 12:00:00 am,15.736262383221799,0.62144177901961939,0.046457526152707374,0.37102457138300893,0,664.14546225389267,301.88430102449661,0,0.2854246402773376,0,0,0.36291789373361538
24/03/2023 12:00:00 am,15.559572000690025,0.59142395123046754,0.046029071787316411,0.36870449691141094,0,664.73688620512314,302.15313009323779,0,0.28599436129154709,0,0,0.34645410099572649
25/03/2023 12:00:00 am,15.405595729139748,0.58884848823640823,0.048131447171428476,0.38674076951479441,0,665.32573469335955,302.42078849698163,0,0.28574034909413049,0,0,0.3293158588113696
26/03/2023 12:00:00 am,15.279541864261489,0.56575092003436112,0.048525825130155908,0.3911712300259626,0,665.89148561339391,302.67794800608812,0,0.28978501778924176,0,0,0.31208126670608882
27/03/2023 12:00:00 am,15.18528485081066,0.55516056514773027,0.05071385065899392,0.41018970103787034,0,666.44664617854164,302.93029371751896,0,0.30179097390817961,0,0,0.29436492499618783
28/03/2023 12:00:00 am,15.123456523157017,0.54081543972506552,0.052536576802197033,0.42645053526915422,0,666.98746161826671,303.17611891739398,0,0.31231599465812548,0,0,0.27626318360259072
29/03/2023 12:00:00 am,15.091949433334605,0.48079187791790901,0.049122398563582692,0.40016238953197636,0,667.46825349618462,303.39466068008386,0,0.33186393297072331,0,0,0.2594019474408904
30/03/2023 12:00:00 am,15.0811527399498,0.44515850500272336,0.047345503294380364,0.38701630832344769,0,667.91341200118734,303.59700545508514,0,0.33640411893732908,0,0,0.24308267958438734
31/03/2023 12:00:00 am,15.094712242042476,0.45010774352033422,0.050380714095936696,0.41328653151711542,0,668.36351974470767,303.80159988395803,0,0.33534232170839984,0,0,0.22582399999887548
1/04/2023 12:00:00 am,15.13282416448493,0.44323748771785176,0.052126629642671674,0.42922278051763102,0,668.80675723242553,304.00307146928429,0,0.33463964206335411,0,0,0.20801130836805071
2/04/2023 12:00:00 am,15.192542321391841,0.40664050029454302,0.050331321074850166,0.41602733612655934,0,669.21339773272007,304.18790806032723,0,0.34857461868714146,0,0,0.19088510992380958
3/04/2023 12:00:00 am,15.263681293772891,0.36992282626397355,0.047444189625807098,0.39361760901916198,0,669.58332055898404,304.35605479953819,0,0.35185243512484105,0,0,0.17458992954753749
4/04/2023 12:00:00 am,15.357122966101031,0.35866913597772054,0.048473063209343081,0.40363774509646505,0,669.94198969496176,304.51908622498257,0,0.35966045102576683,0,0,0.15807796184918654
5/04/2023 12:00:00 am,15.480542862844175,0.33940326243919117,0.049452912865163512,0.41337024631724095,0,670.28139295740095,304.6733604351823,0,0.38942158025391405,0,0,0.14174665025256827
6/04/2023 12:00:00 am,15.63511961541866,0.30860609505646153,0.04931924135919985,0.41386360627172281,0,670.58999905245742,304.81363593293514,0,0.43817049747954701,0,0,0.12624635672391959
7/04/2023 12:00:00 am,15.805555829024286,0.29123867183795937,0.048986129587177629,0.41268875585635784,0,670.88123772429537,304.94601714740702,0,0.45050860963964756,0,0,0.1109989817376964
8/04/2023 12:00:00 am,15.983100266220561,0.26563890030195125,0.046860942421844243,0.39632239507638906,0,671.14687662459733,305.06676210208963,0,0.46402050830532476,0,0,0.0965224061188652
9/04/2023 12:00:00 am,16.158926289470799,0.23938315368570784,0.043757146544081138,0.37145203039187968,0,671.38625977828303,305.17557262649223,0,0.46914695158978253,0,0,0.082973198488927369
10/04/2023 12:00:00 am,16.360084614695381,0.23117483818646178,0.045410916965892056,0.38692224644507117,0,671.6174346164695,305.28065209839519,0,0.49888626940753633,0,0,0.069399903378758565
11/04/2023 12:00:00 am,16.596905558340438,0.23369945950673809,0.049246098221289003,0.42127430493055923,0,671.85113407597623,305.38687912544367,0,0.52385187471232897,0,0,0.055152158822121877
12/04/2023 12:00:00 am,16.866946580863726,0.23342485112698341,0.05249006526385358,0.45097580838639284,0,672.08455892710322,305.49298133050144,0,0.54351523402408752,0,0,0.040350402220172055
13/04/2023 12:00:00 am,17.141010970134232,0.21494147585201517,0.050779233198369411,0.43822663192422895,0,672.29950040295523,305.59068200134323,0,0.55777066963588839,0,0,0.026174920104228283
14/04/2023 12:00:00 am,17.407529187235298,0.19233778773912036,0.047465264665163431,0.41139074017500665,0,672.49183819069435,305.6781082684974,0,0.5694656743380202,0,0,0.013011112157986782
15/04/2023 12:00:00 am,31.664707154077803,0.18392224658305167,14.033614362628356,0.4074858507972664,0,672.6757604372774,305.7617092896715,0,0.56946059363482271,0,0,0
16/04/2023 12:00:00 am,46.299538275860016,0,14.192508738207636,0.44232238357460263,0,0,0,0,0.5689330057349633,0,0,0
17/04/2023 12:00:00 am,61.095374312664887,0,14.314011779764328,0.48182425704059523,0,0,0,0,0.58575535161890957,0,0,0
18/04/2023 12:00:00 am,74.411402720648937,0,12.847871721152622,0.46815668683142181,0,0,0,0,0.61289787579497257,0,0,0
19/04/2023 12:00:00 am,85.641518768136905,0,10.805886417260091,0.42422963022789445,0,0,0,0,0.61115424724015521,0,0,0
20/04/2023 12:00:00 am,96.551981461026855,0,10.468639753397454,0.44182293949248397,0,0,0,0,0.61373636348620764,0,0,0
21/04/2023 12:00:00 am,107.55034545224675,0,10.518896236400707,0.47946775481916337,0,0,0,0,0.62385813252959998,0,0,0
22/04/2023 12:00:00 am,117.87055714839749,0,9.8342541701708512,0.48595752597984698,0,0,0,0,0.63393495848206272,0,0,0
23/04/2023 12:00:00 am,127.32696532907181,0,8.9755026042089554,0.48090557646542198,0,0,0,0,0.6302585027656662,0,0,0
24/04/2023 12:00:00 am,136.18796535897815,0,8.3744420374461015,0.48655799246022141,0,0,0,0,0.62657345037277101,0,0,0
25/04/2023 12:00:00 am,144.24495837498361,0,7.579577248374946,0.47741576763045673,0,0,0,0,0.63941648553891928,0,0,0
26/04/2023 12:00:00 am,152.02521219013582,0,7.2825034914908713,0.49775032366130884,0,0,0,0,0.64638185899629508,0,0,0
27/04/2023 12:00:00 am,159.38557858329099,0,6.8508722440054157,0.50949414914976277,0,0,0,0,0.64736691998011897,0,0,0
28/04/2023 12:00:00 am,166.13875133424423,0,6.2472771494681894,0.50589560148508927,0,0,0,0,0.66478869703434762,0,0,0
29/04/2023 12:00:00 am,172.43317804835172,0,5.7843604734214153,0.51006624068608153,0,0,0,0,0.68838881159143195,0,0,0
30/04/2023 12:00:00 am,178.08456016326269,0,5.1566737191047594,0.49470839580617243,0,0,0,0,0.71294241582177165,0,0,0
1/05/2023 12:00:00 am,183.04137300818067,0,4.4898751474446783,0.46693769747328839,0,3.5663852812833206,3.2625820906554819,0,0.72776216913593461,0,0,0.0077268377003277613
2/05/2023 12:00:00 am,187.2920416731927,0.1569801216408262,3.962762618456992,0.44488616819581528,0,3.7233654029241467,3.4061898315639412,0,0.72997034702424179,0,0,0.0088535102913983778
3/05/2023 12:00:00 am,191.31226191778822,0.16414846375403425,3.7325965534232495,0.45177215492631673,0,3.887513866678181,3.556355278035225,0,0.73986236657115056,0,0,0.010146109031272272
4/05/2023 12:00:00 am,195.12448991960574,0.17386036486163903,3.5254615945862753,0.46062677209288749,0,4.06137423153982,3.7154053155197611,0,0.74370377695826828,0,0,0.01164903482455348
5/05/2023 12:00:00 am,198.87691216060469,0.19390461778086898,3.4571964394529999,0.4891304193268059,0,4.255278849320689,3.8927921325267043,0,0.74075380937549817,0,0,0.013495679110381364
6/05/2023 12:00:00 am,202.61782586979209,0.21296949363421902,3.426057506861369,0.52782569596023987,0,4.468248342954908,4.0876197804068974,0,0.76204219992511346,0,0,0.015741472098079884
7/05/2023 12:00:00 am,206.00894545199108,0.21830653860527782,3.0897496673715352,0.51967645343273505,0,4.6865548815601858,4.2873298360939476,0,0.76769737289946294,0,0,0.018291936550201997
8/05/2023 12:00:00 am,209.17170423528981,0.22868903421679931,2.865411867599974,0.52603594991557179,0,4.9152439157769852,4.4965379525811677,0,0.77697332122434104,0,0,0.021246712074845221
9/05/2023 12:00:00 am,212.09428554874879,0.2406912152073275,2.6349402540570992,0.5283322746092376,0,5.1559351309843127,4.7167258420486124,0,0.77663057536147917,0,0,0.024684100941818173
10/05/2023 12:00:00 am,214.81497084162388,0.2499561448602261,2.4366947990415184,0.53394663869381132,0,5.4058912758445388,4.9453894264207445,0,0.79132839878334249,0,0,0.028625303118417697
11/05/2023 12:00:00 am,217.25949342309931,0.25082951534040632,2.1748988366558564,0.52045326015995563,0,5.6567207911849451,5.1748519830469686,0,0.80370294109519202,0,0,0.032976569328915344
12/05/2023 12:00:00 am,219.44864822430347,0.25133503562569182,1.935874515697094,0.50461532113273788,0,5.9080558268106369,5.4047769971193604,0,0.81084256470713278,0,0,0.037749657619838055
13/05/2023 12:00:00 am,221.47576075570302,0.26204488672103388,1.7834543253755442,0.50570309274504044,0,6.1701007135316708,5.6444995416382309,0,0.81272829697433024,0,0,0.043180977614653344
14/05/2023 12:00:00 am,223.27744392754775,0.26364045037306116,1.5790546617600825,0.48626896045772422,0,6.4337411639047319,5.8856817314239587,0,0.80839094245248577,0,0,0.049127402111567402
15/05/2023 12:00:00 am,225.02677112597209,0.28310600116242313,1.5230057205899357,0.50942747899680263,0,6.7168471650671551,6.1446712954503235,0,0.82197787888817886,0,0,0.056064495084067724
16/05/2023 12:00:00 am,226.57785956365919,0.28359573504404523,1.345707192481953,0.48897698024923258,0,7.0004429001112003,6.4041088752869131,0,0.81893754309860878,0,0,0.063597626041378322
17/05/2023 12:00:00 am,227.99179813914319,0.28183318843901528,1.2167723003787927,0.47899946354419143,0,7.2822760885502156,6.6619340513774192,0,0.83523283067753062,0,0,0.071671339583261454
18/05/2023 12:00:00 am,229.31745578191939,0.29337805971737296,1.1351818133752829,0.48385388911826455,0,7.5756541482675885,6.9303206467484966,0,0.84145897904275735,0,0,0.0807030388613139
19/05/2023 12:00:00 am,230.57766914866059,0.3124070997009305,1.0755937795535431,0.49702668688854079,0,7.888061247968519,7.2161152898082381,0,0.84476775456031272,0,0,0.091025458864531908
20/05/2023 12:00:00 am,231.7355542321649,0.31939418170501099,0.98402410442172084,0.49325516078758586,0,8.20745542967353,7.508301818997638,0,0.8504534186939896,0,0,0.10232655376766453
21/05/2023 12:00:00 am,232.77649984494158,0.31784212267703538,0.88073557417034465,0.47805216128334876,0,8.5252975523505654,7.7990685015947765,0,0.85562704388610444,0,0,0.11431349130281014
22/05/2023 12:00:00 am,233.7301437878003,0.32512146509993478,0.80596812392478512,0.47279728403384852,0,8.8504190174505002,8.0964944344824943,0,0.85620806400381044,0,0,0.12732286702570092
23/05/2023 12:00:00 am,234.60582821670343,0.3259524902185067,0.73575392628858083,0.46588299283307899,0,9.1763715076690069,8.3946806014601663,0,0.86682395885192609,0,0,0.14110128985195633
24/05/2023 12:00:00 am,235.44685000464719,0.34589613925230367,0.70490577006600574,0.48201215713007839,0,9.5222676469213106,8.7111115140354194,0,0.87662036255598574,0,0,0.15649478477786891
25/05/2023 12:00:00 am,236.25188601672531,0.36166900703803684,0.67051345065340229,0.49619156846275919,0,9.8839366539593474,9.0419716797331802,0,0.89284865806908043,0,0,0.17339380000443058
26/05/2023 12:00:00 am,237.00683025108466,0.3570400720996556,0.61728395152888993,0.49470035493017289,0,10.240976726059003,9.3685972271724953,0,0.92297050700865346,0,0,0.19082629971341822
27/05/2023 12:00:00 am,237.70178094998928,0.35148630268693815,0.56053041302175188,0.4859065885698462,0,10.592463028745941,9.6901421040749902,0,0.94107027463995818,0,0,0.20865360235179842
28/05/2023 12:00:00 am,238.32701621014238,0.33187729030487922,0.49465515957933803,0.4624573908786197,0,10.92434031905082,9.9937483659464892,0,0.95784005010373396,0,0,0.22603288568912869
29/05/2023 12:00:00 am,238.90162769714746,0.33284486135323199,0.45250629502416473,0.45495005333417665,0,11.257185180404052,10.298239776147412,0,0.98736116768530047,0,0,0.24393481970048292
30/05/2023 12:00:00 am,239.44737550408573,0.35546611957131269,0.43301921232864515,0.46819471418092345,0,11.612651299975365,10.623425448495983,0,1,1.7559687326587436,0,0.26350392956370955
31/05/2023 12:00:00 am,239.97416972806658,0.39240802511049466,0.42440148758728924,0.49480076150412489,0,12.00505932508586,10.982406123319286,0,1,3.3000000000000114,0,0.28555319911917826
1/06/2023 12:00:00 am,240.47205035224036,0.42408005024875095,0.4077660126590672,0.51419466176344386,0,12.429139375334611,11.370360835954255,0,1,5.0400000000000205,0,0.30978645791149012
2/06/2023 12:00:00 am,240.91865109936182,0.42853805362722497,0.37016580501652641,0.50497299573213195,0,12.857677428961836,11.762393796124345,0,1,0.50999999999999091,0,0.33456382119041855
3/06/2023 12:00:00 am,241.30871225651717,0.41337397104171103,0.3251687471518494,0.47826638104523411,0,13.271051400003547,12.140554428892134,0,1,1.1299999999999955,0,0.35860938238964069
4/06/2023 12:00:00 am,241.64998873387449,0.39099147590711958,0.28404532106095814,0.44822263220350367,0,13.662042875910666,12.498239223518276,0,1,2.2299999999999898,0,0.3813730492148113
5/06/2023 12:00:00 am,241.95351433485277,0.37070001236016203,0.2511125927883171,0.42311302055010741,0,14.032742888270828,12.837361086677387,0,1,2.0800000000000125,0,0.40288323130364445
6/06/2023 12:00:00 am,242.23699131332356,0.40121686651525579,0.24480028481600868,0.43989356017002479,0,14.433959754786084,13.204400220119121,0,1,1.3599999999999852,0,0.42599359454231273
7/06/2023 12:00:00 am,242.49676972233667,0.42412897299005792,0.23429484534545963,0.44961253665768786,0,14.858088727776142,13.592399688002619,0,1,2.5500000000000114,0,0.45013309233287219
8/06/2023 12:00:00 am,242.73234118873731,0.4504578227578282,0.22484184407441887,0.4611874450840171,0,15.30854655053397,14.004485177710706,0,1,2.1899999999999693,0,0.47533827388303035
9/06/2023 12:00:00 am,242.93905286415961,0.43920519237139821,0.20248739921596837,0.44342946857774279,0,15.747751742905368,14.406276594435653,0,1,0.53000000000000114,0,0.499389572117175
10/06/2023 12:00:00 am,243.12402714491199,0.49740138075714668,0.20436795584680567,0.47800770566273043,0,16.245153123662515,14.861306746461636,0,1,0.64999999999997726,0,0.52590092240158925
11/06/2023 12:00:00 am,243.28377576643035,0.56341503046843044,0.20608877011817128,0.51707488186861705,0,16.808568154130946,15.376727163223496,0,0.99993243243243235,0,0,0.55488327525936665
12/06/2023 12:00:00 am,243.41170220709037,0.53931187162778826,0.18080291960393424,0.48643539268385594,0,17.347880025758734,15.870097653194103,0,1,1.2100197944305364,0,0.58148918181560827
13/06/2023 12:00:00 am,243.51727323077822,0.49871412387036784,0.15621126586945877,0.44807388168874207,0,17.846594149629102,16.326328722068105,0,1,0.81000000000000227,0,0.60504404686598723
14/06/2023 12:00:00 am,243.60256082116794,0.50007834848453214,0.14468823209767834,0.44067770677657231,0,18.346672498113634,16.78380780382988,0,1,0.46000000000000796,0,0.62761690885651977
15/06/2023 12:00:00 am,243.66499468252917,0.5245139263379528,0.13872515549564923,0.44822263220350367,0,18.871186424451587,17.263640914220527,0,1,0.11999999999997613,0,0.6501474398983591
16/06/2023 12:00:00 am,243.71383174393165,0.50295585249991603,0.12480132444424896,0.42699158945809462,0,19.374142276951503,17.723752379285266,0,1,1.460000000000008,0,0.67064658866305982
17/06/2023 12:00:00 am,243.74659742687024,0.50537726893670509,0.11665100875971746,0.42149194311553784,0,19.879519545888208,18.186078991979212,0,1,2.8499999999999943,0,0.69016276831327361
18/06/2023 12:00:00 am,243.76614020835032,0.50173726887064163,0.10839580795527581,0.41288424239540444,0,20.381256814758849,18.645075678686801,0,1,2.8499999999999943,0,0.70848386782882034
19/06/2023 12:00:00 am,243.78856252563983,0.45472612945483348,0.09539209547858718,0.38175635126579166,0,20.835982944213683,19.061065878595478,0,1,4.0200000000000102,0,0.72420217512019258
20/06/2023 12:00:00 am,243.80765711074113,0.43724158111740152,0.087930993665537471,0.36840517255318356,0,21.273224525331084,19.46106095465473,0,1,4.5400000000000205,0,0.7385440254332557
21/06/2023 12:00:00 am,243.81565667697478,0.44346528579264444,0.083929797536285378,0.3675350544899682,0,21.716689811123729,19.866749567953931,0,1,2.3799999999999955,0,0.75234147112439254
22/06/2023 12:00:00 am,243.80241893093429,0.47510805149246238,0.082827356014405495,0.37904294943756117,0,22.191797862616191,20.301385452097037,0,1,3.4399999999999977,0,0.76631738441547692
23/06/2023 12:00:00 am,243.76959001855337,0.50110092063940215,0.080960032619287858,0.3873119756391431,0,22.692898783255593,20.759799998015303,0,1,1.8600000000000136,0,0.78019219557598651
24/06/2023 12:00:00 am,243.73411322827488,0.48630218089149224,0.075189140198517634,0.37563625041446796,0,23.179200964147086,21.204676437571592,0,1,1.4399999999999977,0,0.79284695777625624
25/06/2023 12:00:00 am,243.67843763492149,0.51355818100672224,0.073713426421676331,0.38416916123160322,0,23.692759145153808,21.674487069825894,0,0.99952702702702712,0,0,0.80538852447916509
26/06/2023 12:00:00 am,243.58953514753293,0.56910557092386327,0.07455709736494498,0.40564598617032033,0,24.261864716077671,22.195113277300681,0,0.99959494289132333,0,0,0.81835496324733559
27/06/2023 12:00:00 am,243.48433322187176,0.5841053572715218,0.071676962397120292,0.40722646921326111,0,24.845970073349193,22.72946151154537,0,1,0.070092691687420938,0,0.83070793931626985
28/06/2023 12:00:00 am,243.36899621422285,0.58586583586488672,0.067939209519835231,0.40258961869612769,0,25.43183590921408,23.265420257688437,0,1,1.0200000000000102,0,0.84219156456833533
29/06/2023 12:00:00 am,243.25758740981499,0.56010634715910257,0.062599816838826428,0.38609772591241409,0,25.991942256373182,23.777813841941395,0,1,6.0600000000000023,0,0.85238005201948897
30/06/2023 12:00:00 am,243.1539599770131,0.53062834109802282,0.057680630153953416,0.36932027814211621,0,26.522570597471205,24.26324050953847,0,1,1.210000000000008,0,0.86136882444142338
1/07/2023 12:00:00 am,243.017208484995,0.58176320756206579,0.058239720007236429,0.38677199553672165,0,27.104333805033271,24.795446110530438,0,1,0.34000000000000341,0,0.87053386878442607
2/07/2023 12:00:00 am,242.84873611169823,0.62883897767905239,0.058331041362862379,0.40203556301940208,0,27.733172782712323,25.370717323444239,0,0.99817567567567578,0,0,0.87968890708347225
3/07/2023 12:00:00 am,242.66109123724314,0.6504299794677415,0.056767607219711635,0.4060174977929325,0,28.383602762180065,25.965740304661018,0,1,0.44012215419400036,0,0.88840234130324536
4/07/2023 12:00:00 am,242.43917556711156,0.700207535709783,0.056799922462715813,0.42149194311553784,0,29.083810297889848,26.606300531773307,0,1,0.54999999999998295,0,0.89699697108417031
5/07/2023 12:00:00 am,242.19172353759055,0.73197481776326967,0.055703558564005107,0.42881922967824176,0,29.815785115653117,27.27592193913452,0,1,1.7000000000000171,0,0.9051895083591821
6/07/2023 12:00:00 am,241.9436753540447,0.71704859268787757,0.052252520452242379,0.41674788868976337,0,30.532833708340995,27.931888614667503,0,1,0.75999999999999091,0,0.91250367338079275
7/07/2023 12:00:00 am,241.70337124596918,0.68960414126246405,0.048601347311233667,0.40069868587576224,0,31.222437849603459,28.562748699452051,0,1,0.90000000000000568,0,0.9189360598684172
8/07/2023 12:00:00 am,241.49756015230932,0.61990528015910229,0.043595112325249374,0.37049907417399791,0,31.842343129762561,29.129847233523527,0,1,0.92000000000001592,0,0.92425958179200618
9/07/2023 12:00:00 am,241.30438385684184,0.59106533658737703,0.040858898622701645,0.35703014249711745,0,32.433408466349938,29.670562559957165,0,1,0.76000000000001933,0,0.92896484312145466
10/07/2023 12:00:00 am,241.10170158589412,0.59936104177603511,0.039776519102190377,0.35690225172614487,0,33.032769508125973,30.218866920396724,0,1,1.4799999999999898,0,0.93339617783115603
11/07/2023 12:00:00 am,240.89878738015747,0.59303964997472036,0.03822922252970784,0.35189622170837215,0,33.625809158100694,30.761388377966188,0,0.99837837837837851,0,0,0.93747023250508921
12/07/2023 12:00:00 am,240.62551130609089,0.69866405368444617,0.040726077116829629,0.3846619025010295,0,34.32447321178514,31.400536604855294,0,1,1.3800753648544344,0,0.94190625804062778
13/07/2023 12:00:00 am,240.30641675803886,0.76410298662579379,0.041586786304151246,0.40342165226964766,0,35.088576198410934,32.099549337064815,0,1,2.8400000000000034,0,0.94634738321405387
14/07/2023 12:00:00 am,239.96901401966593,0.78387287970814157,0.040731298411117223,0.40573884292410267,0,35.872449078119075,32.816647860353378,0,1,2.3199999999999932,0,0.95050069783931157
15/07/2023 12:00:00 am,239.61773749811042,0.79640839723276002,0.03967156071544764,0.40546031496182311,0,36.668857475351835,33.545214060784822,0,1,0.069999999999964757,0,0.95434424898099435
16/07/2023 12:00:00 am,239.28663705238412,0.75569630554917921,0.03701370593839215,0.38758215388448353,0,37.424553780901014,34.236536236602035,0,0.99993243243243246,0,0,0.95767519481605579
17/07/2023 12:00:00 am,238.95187565720855,0.75376487306024131,0.035773835964022282,0.38322964192062003,0,38.178318653961256,34.926091509364554,0,1,0.70000132701036932,0,0.96072049342323851
18/07/2023 12:00:00 am,238.55652566115074,0.83958997596975138,0.037153129094789961,0.40708685081714657,0,39.017908629931007,35.694160857751697,0,1,0.78999999999999204,0,0.96381827398255016
19/07/2023 12:00:00 am,238.12245578281264,0.89073030171586254,0.037402610750788767,0.41925781262695305,0,39.90863893164687,36.509014133765838,0,1,1.0799999999999841,0,0.96680000642169572
20/07/2023 12:00:00 am,237.70417371622707,0.85751862674376866,0.035259585220543954,0.40397697493762846,0,40.766157558390638,37.293484877490698,0,1,4.5200000000000102,0,0.96940501057330186
21/07/2023 12:00:00 am,237.25474268453146,0.89668970262265901,0.03521935817249755,0.41203931275450495,0,41.662847261013297,38.113789901741796,0,1,4.2199999999999989,0,0.97187966211960974
22/07/2023 12:00:00 am,236.73542673138158,0.99438521211664721,0.03669236576152457,0.43837689320518464,0,42.657232473129945,39.023468225418874,0,1,5.6400000000000148,0,0.9743578880841619
23/07/2023 12:00:00 am,236.20250502735419,1.0052296653926831,0.035785502047104956,0.43652245931823241,0,43.662462138522628,39.943067215611435,0,1,1.75,0,0.97661048098466763
24/07/2023 12:00:00 am,235.66412981208092,1.0041079873800243,0.034645904875475253,0.43108686723129636,0,44.666570125902652,40.861640078140574,0,1,3.089999999999975,0,0.97863586539484426
25/07/2023 12:00:00 am,235.13081128985104,0.98805554719682931,0.033245081851404734,0.42149194311553784,0,45.654625673099481,41.765527930576184,0,1,0.60999999999998522,0,0.98043425961544972
26/07/2023 12:00:00 am,234.62593141581183,0.93912118570553815,0.031235818719977715,0.40300549294635862,0,46.593746858805019,42.62464990416607,0,1,0.85999999999998522,0,0.98198405206427786
27/07/2023 12:00:00 am,234.02492653337433,1.0721492004690987,0.033353595334943975,0.4377907226966733,0,47.665896059274118,43.605467876447065,0,1,0.96000000000000796,0,0.98358403708483344
28/07/2023 12:00:00 am,233.34638245532105,1.1777871380016265,0.034763719181199804,0.46447934076720887,0,48.843683197275745,44.682924998989293,0,1,0.55000000000001137,0,0.98515725033054002
29/07/2023 12:00:00 am,232.66303688554544,1.1750967720759249,0.033689422091185861,0.45806178020907978,0,50.018779969351669,45.757920934925416,0,0.99587837837837834,0,0,0.98655754817692909
30/07/2023 12:00:00 am,231.95832451790702,1.1972007950719288,0.033218367008942096,0.45927006042455565,0,51.215980764423598,46.853137958565284,0,1,0.83004513847794215,0,0.98783152143031971
31/07/2023 12:00:00 am,231.22748831933384,1.2262542838797899,0.032915724424583459,0.46250236088203051,0,52.442235048303388,47.974933544188652,0,1,4.9699999999999704,0,0.98899612792560732
1/08/2023 12:00:00 am,230.39009621144797,1.3725207114819398,0.035018877613978816,0.50010972598203307,0,53.814755759785328,49.23053582469251,0,1,1.0800000000000125,0,0.99015245763481996
2/08/2023 12:00:00 am,229.47174928620737,1.4808046503079026,0.036239025689809523,0.52621869937747601,0,55.295560410093231,50.585197856640839,0,0.99716216216216225,0,0,0.99124870541715893
3/08/2023 12:00:00 am,228.5236613835223,1.5125461536182172,0.035813083673971846,0.52864516725910826,0,56.808106563711448,51.968897486061948,0,1,0.98002205352807437,0,0.99222875677616529
4/08/2023 12:00:00 am,227.63066053655834,1.4213201224585887,0.033042218274388802,0.49527705722025117,0,58.229426686170036,53.269142190681471,0,1,1.4499999999999886,0,0.99303873466299786
5/08/2023 12:00:00 am,226.84278915091912,1.2645366857615912,0.029433724728917809,0.44723157539346087,0,59.493963371931628,54.425959084693005,0,1,0.69999999999998863,0,0.99368066097915864
6/08/2023 12:00:00 am,226.03459288037718,1.286502344861951,0.029190256979291007,0.4491158173407474,0,60.780465716793579,55.602870489066717,0,1,0.090000000000003411,0,0.99426685115108793
7/08/2023 12:00:00 am,225.18580192729732,1.336582586705255,0.029427979209685873,0.45836365441574056,0,62.117048303498834,56.82559604060819,0,1,1.539999999999992,0,0.99481270009943068
8/08/2023 12:00:00 am,224.26490011815028,1.4303799811606197,0.030383414739347359,0.4790947572742778,0,63.547428284659453,58.13412883818846,0,1,4.8100000000000023,0,0.99533402444951724
9/08/2023 12:00:00 am,223.42873188740825,1.3072344358386303,0.027784438344880868,0.44328176675169345,0,64.854662720498084,59.330006266529729,0,1,3.0600000000000023,0,0.99576034031548999
10/08/2023 12:00:00 am,222.75580774845255,1.0841209538972976,0.02401988137252431,0.38717693356908212,0,65.938783674395381,60.321776176206143,0,0.99851351351351347,0,0,0.99608155648124908
11/08/2023 12:00:00 am,222.02504071762118,1.1575080784939331,0.024705484643135378,0.40203556301940208,0,67.096291752889314,61.380681714680222,0,0.99675680020147284,0,0,0.9963954050748236
12/08/2023 12:00:00 am,221.19644386493607,1.2844310814309239,0.026147474893534195,0.42968675385227556,0,68.380722834320238,62.555698296581852,0,0.99675688666502438,0,0,0.99671193922313817
13/08/2023 12:00:00 am,220.31573265563648,1.3503856072626661,0.026687937687597696,0.44298646027546446,0,69.731108441582904,63.791051055818428,0,1,3.0100289152894106,0,0.99701248004170395
14/08/2023 12:00:00 am,219.39820720406195,1.3957473636852882,0.026917828359756868,0.45130408375101383,0,71.126855805268193,65.067901421856448,0,1,3.5600000000000023,0,0.99729215871769605
15/08/2023 12:00:00 am,218.50830560950473,1.3546376316753452,0.025919176781258102,0.4388168603368971,0,72.481493436943538,66.307143996018709,0,1,2.4899999999999807,0,0.99753679391883543
16/08/2023 12:00:00 am,217.65877370763749,1.2975584940925984,0.024770337872610071,0.42325625435271153,0,73.779051931036136,67.494169729503426,0,1,0.15000000000000568,0,0.99774899933277095
17/08/2023 12:00:00 am,216.66277632852106,1.4897740033010365,0.027060202925412113,0.46671642125913804,0,75.268825934337173,68.857037058449194,0,1,1.539999999999992,0,0.99796881095202639
18/08/2023 12:00:00 am,215.61198847732166,1.5598055415505314,0.027640063821309013,0.48137762652979826,0,76.828631475887704,70.28397027608986,0,1,2.5200000000000102,0,0.99817468156554368
19/08/2023 12:00:00 am,214.60774520968064,1.4933721633386483,0.026322743930251136,0.46280615176737749,0,78.322003639226352,71.650129255144094,0,1,0.59000000000000341,0,0.99835117151656849
20/08/2023 12:00:00 am,213.58637584420271,1.5130993128194206,0.026234625162828706,0.46549532217862444,0,79.835102952045773,73.034334922797427,0,1,0.32999999999998408,0,0.99851175541954063
21/08/2023 12:00:00 am,212.54798026982147,1.5329014325248096,0.026158042256710701,0.46834781588681229,0,81.368004384570582,74.436655862921981,0,0.99655405405405395,0,0,0.99865780077757671
22/08/2023 12:00:00 am,211.49783731744415,1.5458724030811197,0.026002243456929364,0.46972720724691525,0,82.913876787651702,75.850842839073948,0,1,0.080005003508802019,0,0.9987900011356281
23/08/2023 12:00:00 am,210.40366964700391,1.6022855783872387,0.02642843139348372,0.48168947655354016,0,84.516162366038941,77.316637423746741,0,0.99128378378378379,0,0,0.99891282464911468
24/08/2023 12:00:00 am,209.22644221050874,1.7118064777783388,0.027566157638133859,0.50701288364501829,0,86.22796884381728,78.882623349714322,0,0.99054061481322686,0,0,0.99902989331053982
25/08/2023 12:00:00 am,207.95245408266763,1.8412922573260744,0.028992436209065886,0.53831169327587014,0,88.069261101143354,80.567064785120024,0,0.99067583226024158,0,0,0.99914144115923742
26/08/2023 12:00:00 am,206.59617362283856,1.9524970402165422,0.030187018906858043,0.5660295614805857,0,90.021758141359896,82.353238003392192,0,1,0.30003372737763812,0,0.99924548319545392
27/08/2023 12:00:00 am,205.26612114612604,1.9142597079007402,0.029304187013636351,0.55490304417459391,0,91.936017849260637,84.104431143582872,0,1,0.020000000000010232,0,0.99933507392200571
28/08/2023 12:00:00 am,203.99192904944314,1.8363246909710256,0.027945807125547617,0.53418678716256018,0,93.772342540231662,85.784328175693418,0,0.99006756756756753,0,0,0.99941092489546401
29/08/2023 12:00:00 am,202.70400784454617,1.8544905780487539,0.027922328228228821,0.53864704492357252,0,95.626833118280416,87.480843630426904,0,0.98493248840543612,0,0,0.99947872760437595
30/08/2023 12:00:00 am,201.40300822812307,1.8723254703186285,0.027913477770695749,0.5434123761248425,0,97.499158588599045,89.193674708829491,0,0.99412174325940827,0,0,0.99953929316063517
31/08/2023 12:00:00 am,200.13233789272945,1.8312336769653257,0.027154634047889203,0.53340870752380432,0,99.33039226556437,90.868914405905187,0,0.99222987568828813,0,0,0.99959177531912746
1/09/2023 12:00:00 am,198.85376556409889,1.8429911097841796,0.027112332690833796,0.53730644846282605,0,101.17338337534855,92.554909976707748,0,0.98750018200430234,0,0,0.99963864494016741
2/09/2023 12:00:00 am,197.50239007532653,1.9449833836298325,0.028270701837797674,0.56533719301968499,0,103.11836675897838,94.334209590620972,0,0.98702725731454866,0,0,0.99968239908751688
3/09/2023 12:00:00 am,196.16002135025761,1.9348718634063431,0.027973019397336429,0.56453011894004457,0,105.05323862238473,96.104259036033426,0,0.98513541192107301,0,0,0.99972080060551816
4/09/2023 12:00:00 am,194.89389211069599,1.8322872482535644,0.026504098463689729,0.53965391022824993,0,106.88552587063829,97.780462555732043,0,0.98810842954639244,0,0,0.99975300929111621
5/09/2023 12:00:00 am,193.6458586747369,1.8105086746540309,0.02611707261871743,0.53635816607625186,0,108.69603454529232,99.436742713656287,0,1,0.020051473579997037,0,0.99978131770224687
6/09/2023 12:00:00 am,192.40658544414399,1.8020534318483925,0.025920138287531813,0.53686006296795508,0,110.49808797714071,101.0852878901991,0,0.99195945945945951,0,0,0.99980640728055126
7/09/2023 12:00:00 am,191.18818660451225,1.7773448942048731,0.025537347049350956,0.53340870752380432,0,112.27543287134559,102.71122933045319,0,0.98087839701657664,0,0,0.99982846592764363
8/09/2023 12:00:00 am,189.97563710168399,1.7738467066204038,0.025440631001544034,0.53585657279065146,0,114.04927957796599,104.33397057687998,0,0.97195951930909319,0,0,0.99984810766232723
9/09/2023 12:00:00 am,188.80541068177243,1.7202428888352443,0.024733332044263534,0.52528313687939754,0,115.76952246680123,105.9076742566663,0,0.96540550869465713,0,0,0.99986513062718929
10/09/2023 12:00:00 am,187.70101966037501,1.6332324089134289,0.023600297428615136,0.50524109008738871,0,117.40275487571466,107.40177946037599,0,0.95918934312064286,0,0,0.99987963649060929
11/09/2023 12:00:00 am,186.54804866181408,1.701748456310014,0.024304633749594018,0.5244728239994545,0,119.10450333202468,108.95856415929666,0,0.9548650806365202,0,0,0.99989320775092261
12/09/2023 12:00:00 am,185.33726397211714,1.7779569304114347,0.024923109165257529,0.54224913154926202,0,120.88246026243611,110.58506549933969,0,0.94331108399218255,0,0,0.99990587511686702
13/09/2023 12:00:00 am,184.06754119665109,1.8649279776307139,0.025942836034630545,0.56926236613003012,0,122.74738824006683,112.29112924183892,0,0.93858142048047877,0,0,0.99991767713080471
14/09/2023 12:00:00 am,182.79199692474802,1.8809058057373278,0.026165130652941571,0.57919640318132415,0,124.62829404580415,114.01180973819862,0,0.93628417979042899,0,0,0.99992820728379095
15/09/2023 12:00:00 am,181.52616191438304,1.8647711339033748,0.025671054368046953,0.57326506917034514,0,126.49306517970753,115.71772999773243,0,0.9241220822716637,0,0,0.9999374355883488
16/09/2023 12:00:00 am,180.20178248760507,1.9506238733676327,0.02661383388708316,0.59963061270257401,0,128.44368905307516,117.5021896152206,0,0.91324377040962668,0,0,0.99994594157063688
17/09/2023 12:00:00 am,178.86492959459613,1.9652309441485727,0.026473014165887321,0.60190503697374909,0,130.40891999722373,119.30001199746023,0,0.89702763058302781,0,0,0.99995345882443243
18/09/2023 12:00:00 am,177.66521972359195,1.7845178249471019,0.024431233702415511,0.56037672024046492,0,132.19343782217084,120.93251534102293,0,0.90202769825803808,0,0,0.99995947172699429
19/09/2023 12:00:00 am,176.59584657908457,1.609990621205668,0.022409942854167753,0.51820753384412688,0,133.8034284433765,122.40535861301481,0,0.90364936477833202,0,0,0.99996430245872592
20/09/2023 12:00:00 am,175.54186168184751,1.5946372973228335,0.022244564112142484,0.5184078359736396,0,135.39806574069934,123.864156436862,0,0.89878454286025045,0,0,0.99996858634446217
21/09/2023 12:00:00 am,174.49681292791738,1.5838303435243688,0.022003015409794102,0.5167785741844535,0,136.98189608422371,125.31306789927135,0,0.88851431223575617,0,0,0.99997239469800903
22/09/2023 12:00:00 am,173.42489546841702,1.6254888178467013,0.022437308674156498,0.53113404967218769,0,138.60738490207041,126.80008915115332,0,0.87729813416733116,0,0,0.99997588469817267
23/09/2023 12:00:00 am,172.34558622464866,1.6415748589284362,0.022615089361579521,0.53965052579851391,0,140.24895976099884,128.30182615172856,0,0.86723060834379206,0,0,0.9999790205709429
24/09/2023 12:00:00 am,171.21490414675836,1.7322195434534251,0.024001460053099777,0.57753600551001016,0,141.98117930445227,129.88648625259151,0,0.86162253910109055,0,0,0.99998194839904708
25/09/2023 12:00:00 am,170.15014295421119,1.6527932794006119,0.023271188674996779,0.56476089817847175,0,143.63397258385288,131.39848603041358,0,0.8623658114897631,0,0,0.99998441392295467
26/09/2023 12:00:00 am,169.14748592906599,1.5697942353803001,0.022266518313529104,0.54487069192157778,0,145.20376681923318,132.83455705315035,0,0.85567665245632907,0,0,0.99998648878646512
27/09/2023 12:00:00 am,168.1595211077304,1.5637108989566855,0.022427427577554226,0.55331865004352787,0,146.76747771818987,134.2650629496033,0,0.85175776086734367,0,0,0.99998832243066504
28/09/2023 12:00:00 am,167.23836821471573,1.4705612848622991,0.021236425012915561,0.5281719668346968,0,148.23803900305217,135.61035419908845,0,0.84324427174243821,0,0,0.99998985468535839
29/09/2023 12:00:00 am,166.35088401338257,1.4256959291009252,0.020648540004714278,0.51756318776306021,0,149.66373493215309,136.91460195645115,0,0.83175780674472433,0,0,0.99999117891369926
30/09/2023 12:00:00 am,165.41955543639293,1.5055005812891409,0.021860215013006723,0.55231178928644964,0,151.16923551344223,138.29185619192677,0,0.81952810286217526,0,0,0.99999242088115869
1/10/2023 12:00:00 am,164.50932002260848,1.4871642637738489,0.021791885750232609,0.5551369642391345,0,152.65639977721608,139.65233609249026,0,0.81013623156292602,0,0,0.99999350482483917
